# Digitized trace from Genet et al. (2023), "Reduced left ventricular dynamics
#   modeling based on a cylindrical assumption", Int. J. Numer. Meth. Biomed.
#   Engng.; their Figure 5 (baseline beat). Extracted from the published figure
#   by dark-pixel segmentation (provenance/reproduction; no image in the repo).
time_ms,pressure_kPa,pressure_mmHg,volume_mL,torsion_deg
0,0.8943,6.708,135.5283,-2.5921
1,0.8943,6.708,135.5283,-2.5921
2,0.8943,6.708,135.5283,-2.5921
3,0.8943,6.708,135.5283,-2.5921
4,0.8943,6.708,135.5283,-2.5921
5,0.8943,6.708,135.5283,-2.5921
6,0.8943,6.708,135.5283,-2.5921
7,0.8943,6.708,135.5283,-2.5921
8,0.8943,6.708,135.5283,-2.5921
9,0.8943,6.708,135.5283,-2.5921
10,0.8943,6.708,135.5283,-2.5921
11,0.8943,6.708,135.5283,-2.5921
12,0.8943,6.708,135.5283,-2.5921
13,0.8943,6.708,135.5283,-2.5921
14,0.8943,6.708,135.5283,-2.5921
15,0.8943,6.708,135.5283,-2.5921
16,0.8943,6.708,135.5283,-2.5921
17,0.8943,6.708,135.5283,-2.5921
18,0.8943,6.708,135.5283,-2.5921
19,0.8943,6.708,135.5283,-2.5921
20,0.8943,6.708,135.5283,-2.5921
21,0.8943,6.708,135.5283,-2.5921
22,0.8943,6.708,135.5283,-2.5921
23,0.8943,6.708,135.5283,-2.5921
24,0.8943,6.708,135.5283,-2.5921
25,0.8943,6.708,135.5283,-2.5921
26,0.8943,6.708,135.5283,-2.5921
27,0.8943,6.708,135.5283,-2.5921
28,0.8943,6.708,135.5283,-2.5921
29,0.8943,6.708,135.5283,-2.5921
30,0.8943,6.708,135.5283,-2.5921
31,0.8943,6.708,135.5283,-2.5921
32,0.8943,6.708,135.5283,-2.5921
33,0.8943,6.708,135.5283,-2.5921
34,0.8943,6.708,135.5283,-2.5921
35,0.8943,6.708,135.5283,-2.5921
36,0.8943,6.708,135.5283,-2.5921
37,0.8943,6.708,135.5283,-2.5921
38,0.8943,6.708,135.5283,-2.5921
39,0.8943,6.708,135.5283,-2.5921
40,0.8943,6.708,135.5283,-2.5921
41,0.8943,6.708,135.5283,-2.6393
42,0.8943,6.708,135.5283,-2.6781
43,0.8943,6.708,135.5283,-2.6781
44,0.8943,6.708,135.5283,-2.6781
45,0.8943,6.708,135.5283,-2.6781
46,0.8943,6.708,135.5283,-2.7248
47,0.8943,6.708,135.5283,-2.7641
48,0.8943,6.708,135.5283,-2.7641
49,0.8943,6.708,135.5283,-2.7641
50,0.8943,6.708,135.5283,-2.7641
51,0.8943,6.708,135.5283,-2.7641
52,0.8943,6.708,135.5283,-2.7641
53,0.8943,6.708,135.5283,-2.7641
54,0.8943,6.708,135.5283,-2.7641
55,0.8943,6.708,135.5283,-2.7641
56,0.8943,6.708,135.5283,-2.7641
57,0.8943,6.708,135.5283,-2.7641
58,0.8943,6.708,135.5283,-2.7641
59,0.8943,6.708,135.5283,-2.7641
60,0.8943,6.708,135.5283,-2.7641
61,0.8943,6.708,135.5283,-2.7641
62,0.8943,6.708,135.5283,-2.7747
63,0.8943,6.708,135.5283,-2.8262
64,0.8943,6.708,135.5283,-2.8501
65,0.8943,6.708,135.5283,-2.8501
66,0.8943,6.708,135.5283,-2.8501
67,0.8943,6.708,135.5283,-2.8501
68,0.8943,6.708,135.5283,-2.8501
69,0.8943,6.708,135.5283,-2.8501
70,0.8943,6.708,135.5283,-2.8501
71,0.8943,6.708,135.5283,-2.8501
72,0.8943,6.708,135.5283,-2.8596
73,0.8943,6.708,135.5283,-2.9111
74,0.8943,6.708,135.5283,-2.9361
75,0.8943,6.708,135.5283,-2.9361
76,0.8943,6.708,135.5283,-2.9361
77,0.8943,6.708,135.5283,-2.9361
78,0.8943,6.708,135.5283,-2.9361
79,0.8943,6.708,135.5283,-2.9361
80,0.8943,6.708,135.5283,-2.9361
81,0.8943,6.708,135.5283,-2.9361
82,0.8943,6.708,135.5283,-2.9361
83,0.8943,6.708,135.5283,-2.9361
84,0.8943,6.708,135.5283,-2.9361
85,0.8943,6.708,135.5283,-2.9361
86,0.8943,6.708,135.5283,-2.9361
87,0.8943,6.708,135.5283,-2.9361
88,0.8943,6.708,135.5283,-2.9361
89,0.8943,6.708,135.5283,-2.9361
90,0.8943,6.708,135.5283,-2.9361
91,0.8943,6.708,135.5283,-2.9361
92,0.8943,6.708,135.5283,-2.9361
93,0.8943,6.708,135.5283,-2.9361
94,0.8943,6.708,135.5283,-2.9361
95,0.8943,6.708,135.5283,-2.9361
96,0.8943,6.708,135.5283,-2.9361
97,0.8943,6.708,135.5283,-2.9361
98,0.8943,6.708,135.5283,-2.9361
99,0.8943,6.708,135.5283,-2.9599
100,0.8943,6.708,135.5283,-3.0114
101,0.8943,6.708,135.5283,-3.0221
102,0.8943,6.708,135.5283,-3.0221
103,0.8943,6.708,135.5283,-3.0221
104,0.8943,6.708,135.5283,-3.0221
105,0.8943,6.708,135.5283,-3.0221
106,0.8943,6.708,135.5283,-3.0221
107,0.8943,6.708,135.5283,-3.0221
108,0.8943,6.708,135.5283,-3.0221
109,0.8943,6.708,135.5283,-3.0221
110,0.8943,6.708,135.5283,-3.0221
111,0.8943,6.708,135.5283,-3.0221
112,0.8985,6.739,135.5283,-3.0221
113,0.9397,7.048,135.5283,-3.0221
114,0.9809,7.357,135.5283,-3.0221
115,1.0221,7.666,135.5283,-3.0221
116,1.0632,7.975,135.5283,-2.9830
117,1.1044,8.284,135.5283,-2.9361
118,1.1456,8.593,135.5283,-2.9361
119,1.2041,9.032,135.5283,-2.8929
120,1.2865,9.649,135.5283,-2.7899
121,1.3534,10.152,135.5283,-2.7255
122,1.4185,10.640,135.5283,-2.6740
123,1.5215,11.412,135.5283,-2.6226
124,1.6160,12.121,135.5283,-2.5079
125,1.6984,12.739,135.5283,-2.3019
126,1.7960,13.471,135.5283,-2.1721
127,1.8990,14.244,135.5283,-2.0620
128,2.0020,15.016,135.5283,-1.8560
129,2.1132,15.850,135.5283,-1.6501
130,2.2367,16.777,135.5283,-1.4441
131,2.3603,17.704,135.5283,-1.2381
132,2.4851,18.640,135.5283,-1.0262
133,2.6293,19.721,135.5283,-0.7172
134,2.7734,20.802,135.5283,-0.4483
135,2.9176,21.884,135.5283,-0.2423
136,3.0470,22.854,135.5283,0.0376
137,3.1725,23.796,135.5283,0.3490
138,3.3373,25.032,135.5283,0.7094
139,3.5021,26.268,135.5283,1.0504
140,3.6668,27.504,135.5283,1.3593
141,3.8170,28.630,135.5283,1.7047
142,3.9612,29.711,135.5283,2.0651
143,4.1054,30.793,135.5283,2.4256
144,4.2420,31.817,135.5283,2.7860
145,4.3655,32.744,135.5283,3.1464
146,4.5178,33.887,135.5283,3.4709
147,4.6826,35.122,135.5283,3.7827
148,4.8474,36.358,135.5283,4.1946
149,5.0121,37.594,135.5283,4.5697
150,5.1769,38.830,135.5283,4.8787
151,5.3417,40.066,135.5283,5.2584
152,5.5064,41.302,135.5283,5.6686
153,5.6712,42.538,135.5283,5.9775
154,5.8360,43.773,135.5283,6.3043
155,6.0007,45.009,135.5283,6.6647
156,6.1655,46.245,135.5283,7.0251
157,6.3304,47.482,135.5283,7.3852
158,6.5158,48.872,135.5283,7.6942
159,6.6942,50.211,135.5283,8.0377
160,6.8590,51.447,135.5283,8.4496
161,7.0237,52.682,135.5283,8.7930
162,7.1885,53.918,135.5283,9.1019
163,7.3533,55.154,135.5283,9.4108
164,7.5247,56.440,135.4612,9.7198
165,7.7101,57.831,135.2552,10.0287
166,7.8820,59.120,135.0493,10.2701
167,8.0467,60.355,134.8433,10.4761
168,8.2115,61.591,134.8403,10.7835
169,8.3763,62.827,134.8403,11.0600
170,8.5410,64.063,134.8403,11.2660
171,8.7058,65.299,134.7074,11.4719
172,8.8706,66.535,134.5015,11.6779
173,9.0353,67.771,134.2955,11.8838
174,9.2001,69.006,134.0896,12.0741
175,9.3649,70.242,133.8836,12.2286
176,9.5296,71.478,133.6776,12.3830
177,9.6944,72.714,133.4717,12.5375
178,9.8592,73.950,133.2657,12.6920
179,10.0118,75.095,133.0598,12.8465
180,10.1354,76.022,132.8538,13.0009
181,10.2847,77.141,132.6479,13.1232
182,10.4494,78.377,132.4419,13.2262
183,10.5749,79.318,132.2359,13.3292
184,10.6985,80.245,131.9715,13.4468
185,10.8221,81.172,131.5596,13.6013
186,10.9456,82.099,131.4005,13.7557
187,11.0692,83.026,131.4005,13.9102
188,11.1928,83.953,131.0118,14.0161
189,11.3051,84.795,130.5999,14.1191
190,11.3875,85.413,130.1880,14.2221
191,11.4823,86.124,129.7760,14.3250
192,11.5853,86.897,129.3641,14.4280
193,11.6882,87.669,129.1444,14.5310
194,11.7858,88.401,128.9385,14.6204
195,11.8682,89.019,128.7325,14.6719
196,11.9384,89.545,128.4044,14.7539
197,12.0001,90.008,127.9925,14.8569
198,12.0619,90.472,127.5806,14.9599
199,12.1289,90.974,127.2727,15.0759
200,12.2113,91.592,127.2727,15.2303
201,12.2697,92.030,127.0328,15.3548
202,12.3109,92.339,126.6209,15.4578
203,12.3333,92.507,126.0211,15.5138
204,12.3589,92.699,125.5029,15.5778
205,12.4001,93.008,125.2970,15.6807
206,12.4295,93.229,124.9732,15.7543
207,12.4501,93.383,124.5613,15.8058
208,12.4892,93.677,124.1494,15.9037
209,12.5257,93.950,123.7375,16.0067
210,12.5463,94.105,123.3256,16.1096
211,12.5668,94.259,122.9136,16.2126
212,12.5874,94.414,122.5017,16.3156
213,12.6080,94.568,122.2734,16.4186
214,12.6286,94.723,122.0219,16.5102
215,12.6492,94.877,121.6100,16.5617
216,12.6585,94.946,121.1980,16.6131
217,12.6585,94.946,120.7861,16.6646
218,12.6766,95.083,120.5557,16.7615
219,12.6972,95.237,120.3063,16.8645
220,12.7178,95.391,119.8943,16.9674
221,12.7273,95.462,119.4824,17.0704
222,12.7273,95.462,119.0705,17.1734
223,12.7273,95.462,118.6586,17.1867
224,12.7273,95.462,118.2880,17.2074
225,12.7273,95.462,118.0820,17.3104
226,12.7382,95.544,117.7668,17.4133
227,12.7588,95.699,117.3549,17.5163
228,12.7617,95.720,116.9430,17.5307
229,12.7617,95.720,116.5702,17.5503
230,12.7617,95.720,116.3643,17.6533
231,12.7724,95.801,116.0512,17.7562
232,12.7930,95.955,115.6393,17.8592
233,12.7961,95.978,115.2274,17.8747
234,12.7961,95.978,114.8155,17.8932
235,12.7961,95.978,114.4036,17.9962
236,12.7961,95.978,114.0966,18.0729
237,12.7961,95.978,113.8906,18.1244
238,12.7961,95.978,113.5118,18.1759
239,12.7961,95.978,113.1347,18.2274
240,12.7961,95.978,112.9287,18.2789
241,12.7961,95.978,112.6200,18.3304
242,12.7961,95.978,112.2081,18.3818
243,12.7961,95.978,111.7962,18.4760
244,12.7961,95.978,111.3843,18.5627
245,12.7961,95.978,110.9724,18.5627
246,12.7860,95.903,110.6611,18.6130
247,12.7654,95.749,110.4551,18.7159
248,12.7617,95.720,110.2491,18.7346
249,12.7617,95.720,110.0127,18.7499
250,12.7617,95.720,109.6007,18.8529
251,12.7617,95.720,109.1888,18.9066
252,12.7617,95.720,108.7769,18.9066
253,12.7617,95.720,108.5314,18.9482
254,12.7588,95.699,108.3254,18.9997
255,12.7382,95.545,108.1195,19.0512
256,12.7273,95.462,107.8172,19.0786
257,12.7273,95.462,107.4053,19.0786
258,12.7273,95.462,106.9934,19.1607
259,12.7273,95.462,106.5814,19.2506
260,12.7273,95.462,106.1695,19.2506
261,12.7273,95.462,105.9459,19.2506
262,12.7273,95.462,105.9459,19.2506
263,12.7273,95.462,105.6217,19.3317
264,12.7273,95.462,105.2098,19.4226
265,12.7273,95.462,104.7979,19.4226
266,12.7273,95.462,104.3860,19.4226
267,12.7273,95.462,103.9741,19.4226
268,12.7113,95.342,103.7221,19.5026
269,12.6929,95.204,103.5162,19.5946
270,12.6929,95.204,103.3102,19.5946
271,12.6929,95.204,103.0144,19.5946
272,12.6929,95.204,102.6025,19.5946
273,12.6771,95.086,102.1905,19.5946
274,12.6585,94.946,101.8182,19.6045
275,12.6585,94.946,101.8182,19.7075
276,12.6585,94.946,101.6428,19.7666
277,12.6585,94.946,101.2308,19.7666
278,12.6585,94.946,100.8189,19.7666
279,12.6585,94.946,100.4070,19.7666
280,12.6585,94.946,99.9951,19.7666
281,12.6585,94.946,99.7543,19.7880
282,12.6585,94.946,99.7543,19.8395
283,12.6585,94.946,99.4473,19.8910
284,12.6569,94.935,99.0354,19.9386
285,12.6363,94.780,98.6235,19.9386
286,12.6241,94.688,98.3784,19.9386
287,12.6241,94.688,98.3784,19.9386
288,12.6241,94.688,98.0757,19.9386
289,12.6227,94.678,97.6638,19.9386
290,12.6021,94.524,97.2518,19.9386
291,12.5897,94.430,96.9212,19.9386
292,12.5897,94.430,96.7152,19.9386
293,12.5897,94.430,96.5093,19.9386
294,12.5897,94.430,96.2921,19.9414
295,12.5897,94.430,95.8802,19.9929
296,12.5897,94.430,95.5474,20.0246
297,12.5897,94.430,95.3415,20.0246
298,12.5897,94.430,95.1355,20.0246
299,12.5897,94.430,94.9386,20.0246
300,12.5897,94.430,94.9386,20.0246
301,12.5897,94.430,94.7846,20.0438
302,12.5897,94.430,94.3727,20.0953
303,12.5752,94.322,93.9608,20.1106
304,12.5553,94.172,93.5489,20.1106
305,12.5553,94.172,93.1370,20.1106
306,12.5478,94.116,92.7999,20.0919
307,12.5272,93.962,92.5939,20.0404
308,12.5209,93.914,92.3880,20.0246
309,12.5209,93.914,92.1773,20.0246
310,12.5209,93.914,91.7654,20.0246
311,12.5209,93.914,91.4988,20.0246
312,12.5209,93.914,91.4988,20.0246
313,12.5209,93.914,91.2176,20.0246
314,12.5209,93.914,90.8082,20.0246
315,12.5209,93.914,90.6023,20.0246
316,12.5209,93.914,90.3963,20.0246
317,12.5209,93.914,90.1904,20.0246
318,12.5070,93.811,89.8459,19.9900
319,12.4865,93.656,89.4345,19.9386
320,12.4865,93.656,89.2285,19.9386
321,12.4796,93.605,89.0225,19.9386
322,12.4591,93.451,88.8166,19.9386
323,12.4521,93.398,88.6106,19.9386
324,12.4521,93.398,88.4047,19.9386
325,12.4521,93.398,88.1987,19.9386
326,12.4521,93.398,87.9265,19.9386
327,12.4521,93.398,87.5146,19.9386
328,12.4521,93.398,87.2369,19.9386
329,12.4521,93.398,87.0309,19.9386
330,12.4521,93.398,86.8249,19.8881
331,12.4393,93.302,86.6190,19.8526
332,12.3981,92.993,86.4130,19.8526
333,12.3833,92.882,86.2071,19.8526
334,12.3833,92.882,86.0011,19.8526
335,12.3833,92.882,85.5952,19.8026
336,12.3771,92.836,85.2452,19.7666
337,12.3565,92.681,85.0393,19.7666
338,12.3359,92.527,84.8333,19.7666
339,12.3153,92.372,84.6273,19.7666
340,12.3145,92.366,84.4214,19.7666
341,12.3025,92.277,84.2154,19.7666
342,12.2614,91.968,84.0095,19.7666
343,12.2457,91.850,83.8035,19.7666
344,12.2457,91.850,83.5975,19.7666
345,12.2261,91.704,83.3916,19.7666
346,12.2055,91.549,83.1856,19.7666
347,12.1849,91.395,82.9797,19.7666
348,12.1643,91.240,82.7737,19.7352
349,12.1438,91.086,82.5678,19.6837
350,12.1232,90.931,82.3618,19.6806
351,12.1026,90.777,82.1558,19.6806
352,12.0820,90.622,81.9499,19.6806
353,12.0614,90.468,81.7439,19.6806
354,12.0408,90.313,81.5380,19.6806
355,12.0202,90.159,81.3320,19.6806
356,11.9996,90.004,81.1260,19.6806
357,11.9790,89.850,80.9201,19.6806
358,11.9584,89.695,80.7141,19.6806
359,11.9378,89.541,80.5082,19.6806
360,11.9172,89.386,80.3022,19.6333
361,11.8966,89.232,80.0963,19.5946
362,11.8760,89.077,79.8903,19.5946
363,11.8554,88.923,79.8034,19.5946
364,11.8348,88.768,79.8034,19.5946
365,11.8142,88.614,79.4294,19.5946
366,11.7936,88.459,79.1155,19.5946
367,11.7730,88.305,79.1155,19.5946
368,11.7407,88.063,78.9985,19.5946
369,11.6995,87.754,78.7926,19.5946
370,11.6768,87.584,78.5866,19.5946
371,11.6562,87.429,78.4275,19.5946
372,11.6357,87.275,78.4275,19.5946
373,11.6151,87.120,78.1979,19.6233
374,11.5945,86.966,77.7860,19.6748
375,11.5739,86.811,77.7396,19.6806
376,11.5488,86.623,77.6948,19.6806
377,11.5076,86.314,77.4889,19.6806
378,11.4777,86.090,77.2829,19.6806
379,11.4571,85.935,77.0770,19.6806
380,11.4365,85.781,77.0516,19.6806
381,11.4116,85.594,77.0090,19.6806
382,11.3704,85.285,76.8031,19.6806
383,11.3514,85.142,76.5971,19.6806
384,11.3514,85.142,76.3912,19.6806
385,11.3157,84.874,76.3636,19.7252
386,11.2745,84.566,76.3636,19.7666
387,11.2333,84.257,76.3636,19.7666
388,11.2138,84.110,76.1469,19.7666
389,11.2138,84.110,75.7350,19.7666
390,11.1785,83.846,75.6757,19.7666
391,11.1373,83.537,75.6757,19.7666
392,11.0961,83.228,75.6757,19.7666
393,11.0549,82.919,75.4633,19.7666
394,11.0137,82.610,75.0514,19.7666
395,11.0074,82.562,74.9877,19.7666
396,11.0001,82.508,74.9877,19.7756
397,10.9590,82.199,74.9877,19.8271
398,10.9178,81.890,74.9877,19.8786
399,10.8766,81.581,74.9877,19.9301
400,10.8698,81.530,74.9877,19.9386
401,10.8630,81.479,74.9877,19.9386
402,10.8218,81.170,74.9877,19.9386
403,10.7704,80.785,74.7839,19.9641
404,10.7086,80.321,74.3720,20.0155
405,10.6468,79.858,74.2998,20.0246
406,10.5819,79.371,74.2679,20.0246
407,10.4995,78.753,74.0620,20.0246
408,10.3971,77.985,73.9558,20.0495
409,10.2736,77.058,73.9558,20.1010
410,10.1165,75.880,73.9558,20.1106
411,9.9458,74.599,73.9558,20.1106
412,9.7398,73.055,73.9558,20.1106
413,9.5338,71.510,73.9558,20.1106
414,9.3279,69.965,73.9558,20.1106
415,9.0557,67.923,73.9558,20.1106
416,8.7701,65.781,73.9558,20.1106
417,8.5024,63.773,73.9558,20.1106
418,8.2251,61.693,73.9558,20.0867
419,7.9367,59.531,73.9558,20.0352
420,7.6647,57.490,73.9558,20.0246
421,7.3995,55.501,73.9558,20.0182
422,7.1524,53.647,73.9558,19.9667
423,6.9052,51.794,73.9558,19.9386
424,6.6581,49.940,73.9558,19.9386
425,6.4271,48.207,73.9558,19.9386
426,6.2051,46.542,73.9558,19.9386
427,6.0198,45.152,73.9558,19.9386
428,5.8162,43.625,73.9558,19.9386
429,5.5896,41.926,73.9558,19.9386
430,5.3949,40.465,73.9558,19.8988
431,5.2116,39.091,73.9558,19.8473
432,5.0469,37.855,73.9558,19.7958
433,4.8821,36.619,73.9558,19.7666
434,4.7173,35.383,73.9558,19.7666
435,4.5526,34.147,73.9558,19.7666
436,4.3878,32.911,73.9558,19.7666
437,4.2230,31.675,73.9558,19.7666
438,4.0757,30.570,73.9558,19.7449
439,3.9521,29.643,73.9558,19.6934
440,3.8285,28.716,73.9558,19.6419
441,3.7032,27.777,73.9558,19.5946
442,3.5591,26.695,73.9558,19.5946
443,3.4234,25.677,73.9558,19.5946
444,3.2998,24.751,73.9558,19.5946
445,3.1915,23.938,73.9558,19.5564
446,3.0885,23.166,73.9558,19.5049
447,2.9855,22.393,73.9558,19.4535
448,2.8826,21.621,73.9558,19.4226
449,2.7796,20.849,73.9558,19.4226
450,2.6916,20.189,73.9558,19.4226
451,2.6080,19.562,73.9558,19.4195
452,2.5050,18.789,73.9558,19.3680
453,2.4181,18.138,73.9558,19.3165
454,2.3564,17.674,73.9558,19.2650
455,2.2649,16.988,73.9558,19.2506
456,2.1640,16.231,73.9558,19.2506
457,2.1022,15.768,73.9558,19.2506
458,2.0326,15.246,73.9558,19.2115
459,1.9502,14.628,73.9558,19.1085
460,1.8824,14.119,73.9558,19.0786
461,1.8206,13.656,73.9558,19.0786
462,1.7589,13.193,73.9558,19.0786
463,1.7047,12.786,73.9558,19.0406
464,1.6635,12.477,73.9558,18.9376
465,1.5935,11.952,73.9558,18.9066
466,1.5123,11.343,73.9558,18.9066
467,1.4711,11.034,73.9558,18.9066
468,1.4299,10.725,73.9558,18.8697
469,1.3887,10.416,73.9558,18.7667
470,1.3475,10.107,73.9558,18.7346
471,1.3060,9.796,73.9558,18.7346
472,1.2442,9.332,73.9558,18.7346
473,1.1896,8.923,73.9558,18.6987
474,1.1484,8.614,73.9558,18.5958
475,1.1072,8.305,73.9558,18.5627
476,1.0662,7.997,73.9558,18.5627
477,1.0456,7.842,73.9558,18.5627
478,1.0180,7.636,73.9558,18.5278
479,0.9768,7.327,73.9558,18.4248
480,0.9356,7.018,73.9558,18.3907
481,0.8944,6.709,73.9558,18.3907
482,0.8532,6.400,73.9558,18.3393
483,0.8256,6.192,73.9558,18.2878
484,0.8256,6.192,73.9558,18.2363
485,0.7985,5.989,73.9558,18.2187
486,0.7573,5.680,73.9558,18.2187
487,0.7364,5.524,73.9558,18.1170
488,0.7158,5.369,73.9558,18.0467
489,0.6952,5.215,73.9558,18.0467
490,0.6613,4.960,73.9558,18.0467
491,0.6201,4.651,73.9558,18.0467
492,0.6192,4.644,73.9558,17.9461
493,0.6065,4.549,73.9558,17.8747
494,0.5653,4.240,73.9558,17.8747
495,0.5504,4.128,74.0869,17.8091
496,0.5504,4.128,74.2929,17.7061
497,0.5504,4.128,74.2998,17.7027
498,0.5504,4.128,74.2998,17.6874
499,0.5504,4.128,74.2998,17.6359
500,0.5504,4.128,74.5577,17.5845
501,0.5504,4.128,74.9697,17.5330
502,0.5504,4.128,74.9877,17.4815
503,0.5504,4.128,75.1055,17.4300
504,0.5504,4.128,75.5174,17.3785
505,0.5504,4.128,75.9294,17.2953
506,0.5504,4.128,76.3413,17.1923
507,0.5504,4.128,76.7532,17.1380
508,0.5447,4.086,77.1651,17.0865
509,0.5241,3.931,77.5770,17.0351
510,0.5160,3.870,77.9889,16.9524
511,0.5160,3.870,78.4009,16.8494
512,0.5160,3.870,78.8128,16.7946
513,0.5160,3.870,79.2793,16.7431
514,0.5160,3.870,79.8972,16.6916
515,0.5160,3.870,80.5150,16.6095
516,0.5160,3.870,81.1329,16.5065
517,0.5160,3.870,81.5603,16.4035
518,0.5160,3.870,82.0771,16.3268
519,0.5160,3.870,82.9010,16.3268
520,0.5039,3.780,83.4840,16.2666
521,0.4833,3.625,83.8959,16.1636
522,0.4816,3.612,84.6845,16.0606
523,0.4816,3.612,85.4580,15.9576
524,0.4816,3.612,86.0759,15.8547
525,0.4816,3.612,86.6938,15.7812
526,0.4816,3.612,87.3117,15.7298
527,0.4816,3.612,88.1157,15.6317
528,0.4816,3.612,88.8432,15.5408
529,0.4816,3.612,89.2552,15.4893
530,0.4816,3.612,89.8993,15.4088
531,0.4816,3.612,90.7231,15.3058
532,0.4816,3.612,91.5469,15.2028
533,0.4816,3.612,92.2787,15.0998
534,0.4816,3.612,92.6907,14.9969
535,0.4816,3.612,93.3305,14.8939
536,0.4816,3.612,94.1543,14.7909
537,0.4816,3.612,94.7963,14.6879
538,0.4816,3.612,95.4141,14.5850
539,0.4816,3.612,96.0320,14.4820
540,0.4816,3.612,96.7617,14.3790
541,0.4816,3.612,97.5855,14.2760
542,0.4816,3.612,98.2296,14.1730
543,0.4816,3.612,98.8475,14.0701
544,0.4816,3.612,99.4654,13.9671
545,0.4925,3.694,100.0832,13.8641
546,0.5131,3.849,100.7011,13.7611
547,0.5160,3.870,101.3190,13.6581
548,0.5160,3.870,101.8973,13.5552
549,0.5160,3.870,102.3092,13.4522
550,0.5160,3.870,102.9361,13.3492
551,0.5160,3.870,103.7600,13.2462
552,0.5160,3.870,104.2329,13.1432
553,0.5160,3.870,104.6822,13.0403
554,0.5160,3.870,105.3001,12.9373
555,0.5160,3.870,105.8127,12.8343
556,0.5160,3.870,106.2246,12.7313
557,0.5160,3.870,106.8098,12.6283
558,0.5160,3.870,107.3924,12.5254
559,0.5160,3.870,107.8043,12.4224
560,0.5263,3.948,108.2162,12.3194
561,0.5469,4.102,108.6281,12.2164
562,0.5504,4.128,109.0400,12.1135
563,0.5504,4.128,109.4520,12.0022
564,0.5504,4.128,109.8639,11.8477
565,0.5504,4.128,110.2758,11.6933
566,0.5504,4.128,110.6877,11.5388
567,0.5504,4.128,111.0996,11.4266
568,0.5504,4.128,111.5115,11.3236
569,0.5504,4.128,111.9235,11.2206
570,0.5504,4.128,112.3354,11.1176
571,0.5504,4.128,112.7473,11.0146
572,0.5504,4.128,112.8256,10.9117
573,0.5504,4.128,112.8832,10.8087
574,0.5504,4.128,113.2951,10.7057
575,0.5504,4.128,113.7070,10.6027
576,0.5504,4.128,114.1189,10.4998
577,0.5504,4.128,114.3662,10.3968
578,0.5504,4.128,114.5721,10.2938
579,0.5504,4.128,114.7781,10.1908
580,0.5504,4.128,114.9840,10.0405
581,0.5504,4.128,115.1900,9.8346
582,0.5504,4.128,115.3959,9.7505
583,0.5504,4.128,115.6264,9.6868
584,0.5504,4.128,116.0383,9.5323
585,0.5504,4.128,116.2654,9.4010
586,0.5504,4.128,116.2654,9.2980
587,0.5504,4.128,116.5861,9.1950
588,0.5504,4.128,116.9533,9.0920
589,0.5504,4.128,116.9533,8.9890
590,0.5504,4.128,117.0436,8.8861
591,0.5504,4.128,117.2496,8.7831
592,0.5504,4.128,117.4555,8.6801
593,0.5504,4.128,117.6413,8.5771
594,0.5504,4.128,117.6413,8.4741
595,0.5504,4.128,117.8176,8.3712
596,0.5504,4.128,118.2295,8.2682
597,0.5504,4.128,118.3292,8.1652
598,0.5504,4.128,118.3292,8.0622
599,0.5504,4.128,118.3292,7.9592
600,0.5504,4.128,118.4152,7.8993
601,0.5504,4.128,118.6212,7.8993
602,0.5504,4.128,118.8271,7.7453
603,0.5504,4.128,119.0172,7.5513
604,0.5504,4.128,119.0172,7.4998
605,0.5504,4.128,119.0172,7.4274
606,0.5504,4.128,119.0172,7.3244
607,0.5504,4.128,119.3208,7.2214
608,0.5504,4.128,119.7052,7.1184
609,0.5504,4.128,119.7052,7.0154
610,0.5504,4.128,119.7052,6.9125
611,0.5504,4.128,119.7052,6.8095
612,0.5504,4.128,119.7052,6.7439
613,0.5504,4.128,119.7168,6.6895
614,0.5504,4.128,119.9227,6.5865
615,0.5504,4.128,120.1287,6.4836
616,0.5504,4.128,120.3346,6.3806
617,0.5504,4.128,120.3931,6.2776
618,0.5504,4.128,120.3931,6.1770
619,0.5504,4.128,120.3931,6.1255
620,0.5504,4.128,120.3931,6.0547
621,0.5504,4.128,120.3931,5.9517
622,0.5504,4.128,120.5385,5.8850
623,0.5504,4.128,120.7371,5.8317
624,0.5504,4.128,120.7371,5.7287
625,0.5504,4.128,120.7371,5.6258
626,0.5504,4.128,120.7371,5.5228
627,0.5504,4.128,120.8803,5.4556
628,0.5504,4.128,121.0811,5.4041
629,0.5504,4.128,121.0811,5.3526
630,0.5504,4.128,121.0811,5.2829
631,0.5504,4.128,121.0811,5.1799
632,0.5504,4.128,121.0811,5.0769
633,0.5504,4.128,121.0811,4.9739
634,0.5504,4.128,121.0811,4.8709
635,0.5504,4.128,121.1520,4.8034
636,0.5504,4.128,121.3580,4.8034
637,0.5504,4.128,121.4251,4.7340
638,0.5504,4.128,121.4251,4.6310
639,0.5504,4.128,121.4251,4.5280
640,0.5504,4.128,121.4939,4.4595
641,0.5504,4.128,121.6998,4.4595
642,0.5504,4.128,121.7690,4.3911
643,0.5504,4.128,121.7690,4.2881
644,0.5504,4.128,121.7690,4.2363
645,0.5504,4.128,121.7690,4.1848
646,0.5504,4.128,121.7690,4.1333
647,0.5504,4.128,121.7690,4.0482
648,0.5504,4.128,121.7690,3.9452
649,0.5504,4.128,121.7690,3.8929
650,0.5504,4.128,121.7690,3.8414
651,0.5504,4.128,121.7690,3.7899
652,0.5504,4.128,121.7690,3.7053
653,0.5504,4.128,121.7690,3.6023
654,0.5504,4.128,121.9694,3.5494
655,0.5504,4.128,122.1130,3.4979
656,0.5504,4.128,122.1130,3.4464
657,0.5504,4.128,122.1130,3.3949
658,0.5504,4.128,122.1130,3.3435
659,0.5504,4.128,122.1130,3.2920
660,0.5504,4.128,122.1732,3.2405
661,0.5504,4.128,122.3792,3.1890
662,0.5504,4.128,122.4570,3.1375
663,0.5504,4.128,122.4570,3.0860
664,0.5504,4.128,122.4570,2.9855
665,0.5504,4.128,122.4570,2.8970
666,0.5504,4.128,122.4570,2.8455
667,0.5504,4.128,122.4570,2.7941
668,0.5504,4.128,122.4570,2.7426
669,0.5504,4.128,122.4570,2.6911
670,0.5504,4.128,122.4570,2.6396
671,0.5504,4.128,122.4570,2.5881
672,0.5628,4.221,122.4570,2.5366
673,0.5833,4.375,122.4570,2.4851
674,0.5848,4.386,122.4570,2.4336
675,0.5848,4.386,122.4570,2.3821
676,0.5848,4.386,122.4570,2.3307
677,0.5969,4.477,122.7004,2.2792
678,0.6175,4.632,123.1123,2.2277
679,0.6192,4.644,123.1450,2.1762
680,0.6192,4.644,123.1450,2.1247
681,0.6192,4.644,123.1450,2.0732
682,0.6192,4.644,123.1450,2.0516
683,0.6192,4.644,123.1450,2.0516
684,0.6192,4.644,123.5199,1.9579
685,0.6192,4.644,123.8329,1.8796
686,0.6192,4.644,123.8329,1.8796
687,0.6309,4.732,123.9503,1.8503
688,0.6515,4.887,124.1563,1.7988
689,0.6536,4.902,124.3622,1.7473
690,0.6583,4.938,124.5682,1.6958
691,0.6789,5.092,124.7741,1.6443
692,0.6880,5.160,124.9801,1.5928
693,0.6880,5.160,125.1861,1.5413
694,0.6880,5.160,125.2088,1.5356
695,0.6880,5.160,125.2991,1.5131
696,0.6880,5.160,125.7111,1.4101
697,0.6880,5.160,125.8968,1.3636
698,0.6880,5.160,125.8968,1.3636
699,0.6880,5.160,126.0778,1.3636
700,0.6923,5.192,126.2838,1.3421
701,0.7129,5.347,126.4897,1.2392
702,0.7335,5.501,126.6957,1.1639
703,0.7540,5.656,126.9017,1.1124
704,0.7568,5.676,127.1076,1.0609
705,0.7568,5.676,127.3136,1.0094
706,0.7568,5.676,127.5195,0.9580
707,0.7568,5.676,127.7255,0.9065
708,0.7568,5.676,127.9314,0.8550
709,0.7568,5.676,128.1374,0.8477
710,0.7568,5.676,128.3434,0.8283
711,0.7568,5.676,128.5493,0.7253
712,0.7674,5.756,128.7553,0.6757
713,0.7880,5.911,128.9612,0.6757
714,0.7912,5.934,129.1672,0.5884
715,0.7948,5.962,129.3732,0.5037
716,0.8154,6.116,129.5791,0.5037
717,0.8256,6.192,129.7851,0.4776
718,0.8256,6.192,129.9910,0.4261
719,0.8256,6.192,130.1970,0.3746
720,0.8256,6.192,130.4029,0.3317
721,0.8256,6.192,130.6089,0.3317
722,0.8256,6.192,130.8149,0.2805
723,0.8256,6.192,131.0208,0.1775
724,0.8256,6.192,131.2268,0.1597
725,0.8288,6.216,131.4327,0.1516
726,0.8494,6.371,131.6387,0.1002
727,0.8700,6.525,131.8447,0.0487
728,0.8906,6.680,132.0506,-0.0028
729,0.8943,6.708,132.2566,-0.0543
730,0.8943,6.708,132.4625,-0.1058
731,0.8943,6.708,132.6685,-0.1573
732,0.8943,6.708,132.8744,-0.1843
733,0.8943,6.708,133.0804,-0.1843
734,0.8943,6.708,133.2864,-0.2673
735,0.8943,6.708,133.4644,-0.3563
736,0.8943,6.708,133.4644,-0.3563
737,0.8943,6.708,133.6561,-0.3563
738,0.8943,6.708,134.0681,-0.3563
739,0.8943,6.708,134.1523,-0.4382
740,0.8943,6.708,134.1523,-0.5283
741,0.8943,6.708,134.1523,-0.5283
742,0.8943,6.708,134.1523,-0.5751
743,0.8943,6.708,134.1523,-0.6781
744,0.8943,6.708,134.1523,-0.7002
745,0.8943,6.708,134.1760,-0.7002
746,0.8943,6.708,134.3819,-0.7002
747,0.8943,6.708,134.5879,-0.7460
748,0.8943,6.708,134.7939,-0.8490
749,0.8943,6.708,134.8403,-0.8722
750,0.8943,6.708,134.8403,-0.8722
751,0.8943,6.708,134.8403,-0.8722
752,0.8943,6.708,134.8403,-0.9170
753,0.8943,6.708,134.8403,-1.0199
754,0.8943,6.708,134.8403,-1.0442
755,0.8943,6.708,134.8403,-1.0442
756,0.8943,6.708,134.8403,-1.0442
757,0.8943,6.708,134.8403,-1.0879
758,0.8943,6.708,134.8403,-1.1908
759,0.8943,6.708,134.8403,-1.2162
760,0.8943,6.708,134.8403,-1.2162
761,0.8943,6.708,134.8403,-1.2162
762,0.8943,6.708,134.9254,-1.2588
763,0.8943,6.708,135.1314,-1.3618
764,0.8943,6.708,135.1843,-1.3882
765,0.8943,6.708,135.1843,-1.3882
766,0.8943,6.708,135.1843,-1.3882
767,0.8943,6.708,135.1843,-1.3882
768,0.8943,6.708,135.1843,-1.3882
769,0.8943,6.708,135.1843,-1.3882
770,0.8943,6.708,135.1843,-1.3882
771,0.8943,6.708,135.1843,-1.3882
772,0.8943,6.708,135.1843,-1.3882
773,0.8943,6.708,135.1843,-1.3882
774,0.8943,6.708,135.1843,-1.3882
775,0.8943,6.708,135.1843,-1.3882
776,0.8943,6.708,135.1843,-1.3882
777,0.8943,6.708,135.1843,-1.3882
778,0.8943,6.708,135.1843,-1.3882
779,0.8943,6.708,135.1843,-1.3882
780,0.8943,6.708,135.1843,-1.3882
781,0.8943,6.708,135.1843,-1.3882
782,0.8943,6.708,135.1843,-1.3882
783,0.8943,6.708,135.1843,-1.3882
784,0.8943,6.708,135.1843,-1.3882
785,0.8943,6.708,135.1843,-1.3882
786,0.8943,6.708,135.1843,-1.3882
787,0.8943,6.708,135.1843,-1.3882
788,0.8943,6.708,135.1843,-1.3882
789,0.8943,6.708,135.1843,-1.3882
790,0.8943,6.708,135.1843,-1.3882
791,0.8943,6.708,135.1843,-1.3882
792,0.8943,6.708,135.1843,-1.3882
793,0.8943,6.708,135.1843,-1.3882
794,0.8943,6.708,135.1843,-1.3882
795,0.8943,6.708,135.1843,-1.3882
796,0.8943,6.708,135.1843,-1.3882
797,0.8943,6.708,135.1843,-1.3882
798,0.8943,6.708,135.1843,-1.3882
799,0.8943,6.708,135.1843,-1.3882
800,0.8943,6.708,135.1843,-1.3882
